"datasetKey","scientificName","acceptedScientificName","kingdom","genus","species","decimalLongitude","decimalLatitude","coordinateUncertaintyInMeters","year","month","day","eventDate","verbatimEventDate"
"50c9509d-22c7-4a22-a47d-8c48425ef4a7","Agrostis scabra Willd.","Agrostis scabra Willd.","Plantae","Agrostis","Agrostis scabra",-87.423054,41.78895,27754,2020,7,3,"2020-07-03T14:52:08","Fri Jul 03 2020 14:52:08 GMT-0500 (CDT)"
"50c9509d-22c7-4a22-a47d-8c48425ef4a7","Agrostis scabra Willd.","Agrostis scabra Willd.","Plantae","Agrostis","Agrostis scabra",-77.937727,44.646598,179,2020,7,28,"2020-07-28T16:28:12","Tue Jul 28 2020 16:28:12 GMT-0400 (EDT)"
"50c9509d-22c7-4a22-a47d-8c48425ef4a7","Agrostis scabra Willd.","Agrostis scabra Willd.","Plantae","Agrostis","Agrostis scabra",-78.123055,44.622658,51,2020,7,24,"2020-07-24T09:34:39","Fri Jul 24 2020 09:34:39 GMT-0400 (EDT)"
"50c9509d-22c7-4a22-a47d-8c48425ef4a7","Agrostis scabra Willd.","Agrostis scabra Willd.","Plantae","Agrostis","Agrostis scabra",-81.236174,45.117539,27222,2020,7,30,"2020-07-30T18:25:33","Thu Jul 30 2020 18:25:33 GMT-0400 (EDT)"
"50c9509d-22c7-4a22-a47d-8c48425ef4a7","Agrostis scabra Willd.","Agrostis scabra Willd.","Plantae","Agrostis","Agrostis scabra",-81.262298,41.037327,27847,2020,7,7,"2020-07-07T11:26:46","Tue Jul 07 2020 11:26:46 GMT-0400 (EDT)"
"50c9509d-22c7-4a22-a47d-8c48425ef4a7","Agrostis scabra Willd.","Agrostis scabra Willd.","Plantae","Agrostis","Agrostis scabra",-85.766904,44.845826,56,2020,7,9,"2020-07-09T13:17:56","Thu Jul 09 2020 13:17:56 GMT-0400 (EDT)"
"50c9509d-22c7-4a22-a47d-8c48425ef4a7","Agrostis scabra Willd.","Agrostis scabra Willd.","Plantae","Agrostis","Agrostis scabra",-80.05664,42.54674,NA,2020,8,15,"2020-08-15T09:14:00","2020/08/15 9:14 AM EDT"
"50c9509d-22c7-4a22-a47d-8c48425ef4a7","Agrostis scabra Willd.","Agrostis scabra Willd.","Plantae","Agrostis","Agrostis scabra",-81.68947,45.248528,4,2020,8,7,"2020-08-07T12:46:06","Fri Aug 07 2020 12:46:06 GMT-0400 (EDT)"
"50c9509d-22c7-4a22-a47d-8c48425ef4a7","Agrostis scabra Willd.","Agrostis scabra Willd.","Plantae","Agrostis","Agrostis scabra",-82.734287,45.790357,NA,2020,8,27,"2020-08-27T11:09:00","2020/08/27 11:09 AM EDT"
"50c9509d-22c7-4a22-a47d-8c48425ef4a7","Agrostis scabra Willd.","Agrostis scabra Willd.","Plantae","Agrostis","Agrostis scabra",-81.432983,46.468633,NA,2020,8,25,"2020-08-25T11:50:00","2020/08/25 11:50 AM EDT"
"50c9509d-22c7-4a22-a47d-8c48425ef4a7","Agrostis scabra Willd.","Agrostis scabra Willd.","Plantae","Agrostis","Agrostis scabra",-81.690287,45.249763,4,2020,8,3,"2020-08-03T17:09:46","Mon Aug 03 2020 17:09:46 GMT-0400 (EDT)"
"50c9509d-22c7-4a22-a47d-8c48425ef4a7","Agrostis scabra Willd.","Agrostis scabra Willd.","Plantae","Agrostis","Agrostis scabra",-80.017175,46.922772,30,2020,8,1,"2020-08-01T20:04:36","Sat Aug 01 2020 20:04:36 GMT-0400 (EDT)"
"50c9509d-22c7-4a22-a47d-8c48425ef4a7","Agrostis scabra Willd.","Agrostis scabra Willd.","Plantae","Agrostis","Agrostis scabra",-80.056603,42.546681,10,2020,8,15,"2020-08-15T09:15:00","2020/08/15 9:15 AM EDT"
"50c9509d-22c7-4a22-a47d-8c48425ef4a7","Agrostis scabra Willd.","Agrostis scabra Willd.","Plantae","Agrostis","Agrostis scabra",-81.793034,45.312039,27190,2020,9,13,"2020-09-13T11:13:51","2020-09-13 11:13:51 AM EDT"
"50c9509d-22c7-4a22-a47d-8c48425ef4a7","Agrostis scabra Willd.","Agrostis scabra Willd.","Plantae","Agrostis","Agrostis scabra",-83.848485,46.183893,NA,2020,9,6,"2020-09-06T08:53:15","2020-09-06 8:53:15 AM EDT"
"50c9509d-22c7-4a22-a47d-8c48425ef4a7","Agrostis scabra Willd.","Agrostis scabra Willd.","Plantae","Agrostis","Agrostis scabra",-77.976053,46.20667,4,2020,9,2,"2020-09-02T09:54:00","2020/09/02 9:54 AM EDT"
"50c9509d-22c7-4a22-a47d-8c48425ef4a7","Agrostis scabra Willd.","Agrostis scabra Willd.","Plantae","Agrostis","Agrostis scabra",-83.847994,46.183597,NA,2020,9,6,"2020-09-06T09:16:45","2020-09-06 9:16:45 AM EDT"
"50c9509d-22c7-4a22-a47d-8c48425ef4a7","Agrostis scabra Willd.","Agrostis scabra Willd.","Plantae","Agrostis","Agrostis scabra",-81.682593,45.21761,4,2020,9,6,"2020-09-06T17:28:00","2020/09/06 5:28 PM EDT"
"50c9509d-22c7-4a22-a47d-8c48425ef4a7","Agrostis scabra Willd.","Agrostis scabra Willd.","Plantae","Agrostis","Agrostis scabra",-84.373931,46.845756,NA,2020,9,4,"2020-09-04T11:34:14","2020-09-04 11:34:14 AM EDT"
"50c9509d-22c7-4a22-a47d-8c48425ef4a7","Agrostis scabra Willd.","Agrostis scabra Willd.","Plantae","Agrostis","Agrostis scabra",-78.261002,45.543386,4,2020,9,26,"2020-09-26T15:22:00","2020/09/26 3:22 PM EDT"
"50c9509d-22c7-4a22-a47d-8c48425ef4a7","Agrostis scabra Willd.","Agrostis scabra Willd.","Plantae","Agrostis","Agrostis scabra",-84.471743,46.616956,NA,2020,10,2,"2020-10-02T13:24:13","2020-10-02 1:24:13 PM EDT"
"50c9509d-22c7-4a22-a47d-8c48425ef4a7","Agrostis scabra Willd.","Agrostis scabra Willd.","Plantae","Agrostis","Agrostis scabra",-80.414712,43.508645,6,2020,11,4,"2020-11-04T13:53:09","Wed Nov 04 2020 13:53:09 GMT-0500 (EST)"
"50c9509d-22c7-4a22-a47d-8c48425ef4a7","Agrostis scabra Willd.","Agrostis scabra Willd.","Plantae","Agrostis","Agrostis scabra",-71.15338,42.375933,8,2020,11,12,"2020-11-12T16:05:00","2020/11/12 4:05 PM UTC"
"50c9509d-22c7-4a22-a47d-8c48425ef4a7","Agrostis scabra Willd.","Agrostis scabra Willd.","Plantae","Agrostis","Agrostis scabra",-81.284809,41.205283,27816,2019,7,11,"2019-07-11T20:00:02","Thu Jul 11 2019 20:00:02 GMT-0400 (EDT)"
"50c9509d-22c7-4a22-a47d-8c48425ef4a7","Agrostis scabra Willd.","Agrostis scabra Willd.","Plantae","Agrostis","Agrostis scabra",-78.228445,44.566647,NA,2019,7,19,"2019-07-19T12:47:00","2019/07/19 12:47 PM EDT"
"50c9509d-22c7-4a22-a47d-8c48425ef4a7","Agrostis scabra Willd.","Agrostis scabra Willd.","Plantae","Agrostis","Agrostis scabra",-79.470967,38.792594,28210,2019,7,13,"2019-07-13T13:34:53","2019-07-13 1:34:53 PM EDT"
"50c9509d-22c7-4a22-a47d-8c48425ef4a7","Agrostis scabra Willd.","Agrostis scabra Willd.","Plantae","Agrostis","Agrostis scabra",-79.980266,45.2666,27190,2019,7,28,"2019-07-28T13:23:00","2019/07/28 1:23 PM EDT"
"50c9509d-22c7-4a22-a47d-8c48425ef4a7","Agrostis scabra Willd.","Agrostis scabra Willd.","Plantae","Agrostis","Agrostis scabra",-68.115691,47.286941,31,2019,7,30,"2019-07-30T05:30:00","2019/07/30 5:30 AM EDT"
"50c9509d-22c7-4a22-a47d-8c48425ef4a7","Agrostis scabra Willd.","Agrostis scabra Willd.","Plantae","Agrostis","Agrostis scabra",-87.866952,48.74968,8,2019,7,21,"2019-07-21T13:49:42","Sun Jul 21 2019 13:49:42 GMT-0400 (EDT)"
"50c9509d-22c7-4a22-a47d-8c48425ef4a7","Agrostis scabra Willd.","Agrostis scabra Willd.","Plantae","Agrostis","Agrostis scabra",-79.494478,44.787603,NA,2019,7,13,"2019-07-13T13:59:00","2019/07/13 1:59 PM EDT"
"50c9509d-22c7-4a22-a47d-8c48425ef4a7","Agrostis scabra Willd.","Agrostis scabra Willd.","Plantae","Agrostis","Agrostis scabra",-80.961636,43.4752,NA,2019,7,21,"2019-07-21T11:41:00","2019/07/21 11:41 AM EDT"
"50c9509d-22c7-4a22-a47d-8c48425ef4a7","Agrostis scabra Willd.","Agrostis scabra Willd.","Plantae","Agrostis","Agrostis scabra",-88.140478,48.603742,24,2019,7,20,"2019-07-20T14:47:15","Sat Jul 20 2019 14:47:15 GMT-0400 (EDT)"
"50c9509d-22c7-4a22-a47d-8c48425ef4a7","Agrostis scabra Willd.","Agrostis scabra Willd.","Plantae","Agrostis","Agrostis scabra",-81.355737,41.064506,10,2019,7,8,"2019-07-08T19:33:17","Mon Jul 08 2019 19:33:17 GMT-0400 (EDT)"
"50c9509d-22c7-4a22-a47d-8c48425ef4a7","Agrostis scabra Willd.","Agrostis scabra Willd.","Plantae","Agrostis","Agrostis scabra",-76.96489,44.603595,NA,2019,8,17,"2019-08-17T03:11:00","2019/08/17 3:11 AM EDT"
"50c9509d-22c7-4a22-a47d-8c48425ef4a7","Agrostis scabra Willd.","Agrostis scabra Willd.","Plantae","Agrostis","Agrostis scabra",-78.894256,46.063519,6,2019,8,26,"2019-08-26T08:36:00","2019/08/26 8:36 AM EDT"
"7bd65a7a-f762-11e1-a439-00145eb45e9a","Agrostis scabra Willd.","Agrostis scabra Willd.","Plantae","Agrostis","Agrostis scabra",-90.113519,36.722296,NA,2019,8,15,"2019-08-15T00:00:00",NA
"50c9509d-22c7-4a22-a47d-8c48425ef4a7","Agrostis scabra Willd.","Agrostis scabra Willd.","Plantae","Agrostis","Agrostis scabra",-78.505712,45.575327,4,2019,9,7,"2019-09-07T09:25:00","2019/09/07 9:25 AM EDT"
"50c9509d-22c7-4a22-a47d-8c48425ef4a7","Agrostis scabra Willd.","Agrostis scabra Willd.","Plantae","Agrostis","Agrostis scabra",-85.768552,44.843051,5,2019,9,2,"2019-09-02T17:30:17","Mon Sep 02 2019 17:30:17 GMT-0400 (EDT)"
"50c9509d-22c7-4a22-a47d-8c48425ef4a7","Agrostis scabra Willd.","Agrostis scabra Willd.","Plantae","Agrostis","Agrostis scabra",-78.050938,44.919485,NA,2018,7,6,"2018-07-06T11:25:00","2018/07/06 11:25 AM EDT"
"50c9509d-22c7-4a22-a47d-8c48425ef4a7","Agrostis scabra Willd.","Agrostis scabra Willd.","Plantae","Agrostis","Agrostis scabra",-81.21717,41.230962,NA,2018,7,18,"2018-07-18T09:46:09","Wed Jul 18 2018 09:46:09 GMT-0400 (EDT)"
"50c9509d-22c7-4a22-a47d-8c48425ef4a7","Agrostis scabra Willd.","Agrostis scabra Willd.","Plantae","Agrostis","Agrostis scabra",-88.343404,48.519106,8,2018,7,24,"2018-07-24T15:48:35","Tue Jul 24 2018 15:48:35 GMT-0400 (EDT)"
"50c9509d-22c7-4a22-a47d-8c48425ef4a7","Agrostis scabra Willd.","Agrostis scabra Willd.","Plantae","Agrostis","Agrostis scabra",-81.628904,45.046436,27222,2018,7,28,"2018-07-28T14:29:00","2018/07/28 2:29 PM EDT"
"50c9509d-22c7-4a22-a47d-8c48425ef4a7","Agrostis scabra Willd.","Agrostis scabra Willd.","Plantae","Agrostis","Agrostis scabra",-83.908343,46.923578,8,2018,7,31,"2018-07-31T14:28:52","2018-07-31 2:28:52 PM EDT"
"50c9509d-22c7-4a22-a47d-8c48425ef4a7","Agrostis scabra Willd.","Agrostis scabra Willd.","Plantae","Agrostis","Agrostis scabra",-72.12957,44.644676,27285,2018,7,30,"2018-07-30T00:00:00","2018-07-30"
"0348540a-e644-4496-89d3-c257da9ad776","Agrostis scabra Willd.","Agrostis scabra Willd.","Plantae","Agrostis","Agrostis scabra",-74.194381,45.549629,NA,2018,7,12,"2018-07-12T00:00:00",NA
"50c9509d-22c7-4a22-a47d-8c48425ef4a7","Agrostis scabra Willd.","Agrostis scabra Willd.","Plantae","Agrostis","Agrostis scabra",-88.183529,48.983327,6,2018,8,7,"2018-08-07T17:51:39","Tue Aug 07 2018 17:51:39 GMT-0400 (EDT)"
"50c9509d-22c7-4a22-a47d-8c48425ef4a7","Agrostis scabra Willd.","Agrostis scabra Willd.","Plantae","Agrostis","Agrostis scabra",-81.470166,45.047228,5,2018,8,4,"2018-08-04T15:05:19","Sat Aug 04 2018 15:05:19 GMT-0400 (EDT)"
"50c9509d-22c7-4a22-a47d-8c48425ef4a7","Agrostis scabra Willd.","Agrostis scabra Willd.","Plantae","Agrostis","Agrostis scabra",-89.613443,45.948157,66,2018,8,27,"2018-08-27T20:58:36","2018-08-27 8:58:36 PM CDT"
"50c9509d-22c7-4a22-a47d-8c48425ef4a7","Agrostis scabra Willd.","Agrostis scabra Willd.","Plantae","Agrostis","Agrostis scabra",-88.132748,49.422037,12,2018,8,9,"2018-08-09T10:37:17","Thu Aug 09 2018 10:37:17 GMT-0400 (EDT)"
"50c9509d-22c7-4a22-a47d-8c48425ef4a7","Agrostis scabra Willd.","Agrostis scabra Willd.","Plantae","Agrostis","Agrostis scabra",-80.014328,44.845871,1449,2018,9,8,"2018-09-08T11:12:00","2018/09/08 11:12 AM EDT"
"50c9509d-22c7-4a22-a47d-8c48425ef4a7","Agrostis scabra Willd.","Agrostis scabra Willd.","Plantae","Agrostis","Agrostis scabra",-77.996117,44.611237,2,2017,7,3,"2017-07-03T10:39:00","2017/07/03 10:39 AM EDT"
"50c9509d-22c7-4a22-a47d-8c48425ef4a7","Agrostis scabra Willd.","Agrostis scabra Willd.","Plantae","Agrostis","Agrostis scabra",-89.41872,48.070008,NA,2017,7,19,"2017-07-19T14:04:47","Wed Jul 19 2017 14:04:47 GMT-0400 (EDT)"
"50c9509d-22c7-4a22-a47d-8c48425ef4a7","Agrostis scabra Willd.","Agrostis scabra Willd.","Plantae","Agrostis","Agrostis scabra",-89.47168,48.062378,NA,2017,7,21,"2017-07-21T13:12:39","2017-07-21 1:12:39 PM EDT"
"50c9509d-22c7-4a22-a47d-8c48425ef4a7","Agrostis scabra Willd.","Agrostis scabra Willd.","Plantae","Agrostis","Agrostis scabra",-80.096942,42.544683,NA,2017,7,11,"2017-07-11T13:09:00","2017/07/11 1:09 PM EDT"
"c8d12f8a-7e39-4e2c-92d7-825d590ad15b","Agrostis scabra Willd.","Agrostis scabra Willd.","Plantae","Agrostis","Agrostis scabra",-85.89049,42.65529,NA,2017,7,16,"2017-07-16T00:00:00",NA
"1984c441-b52a-4ced-ba2f-9a2c4fa1898b","Agrostis scabra Willd.","Agrostis scabra Willd.","Plantae","Agrostis","Agrostis scabra",-85.213131,44.935978,NA,2017,8,15,"2017-08-15T00:00:00",NA
"50c9509d-22c7-4a22-a47d-8c48425ef4a7","Agrostis scabra Willd.","Agrostis scabra Willd.","Plantae","Agrostis","Agrostis scabra",-82.527711,49.298511,NA,2017,8,31,"2017-08-31T14:21:00","2017/08/31 2:21 PM EDT"
"50c9509d-22c7-4a22-a47d-8c48425ef4a7","Agrostis scabra Willd.","Agrostis scabra Willd.","Plantae","Agrostis","Agrostis scabra",-82.713106,49.165489,NA,2017,8,30,"2017-08-30T09:50:00","2017/08/30 9:50 AM EDT"
"0348540a-e644-4496-89d3-c257da9ad776","Agrostis scabra Willd.","Agrostis scabra Willd.","Plantae","Agrostis","Agrostis scabra",-75.397761,45.611403,NA,2017,8,3,"2017-08-03T00:00:00",NA
"50c9509d-22c7-4a22-a47d-8c48425ef4a7","Agrostis scabra Willd.","Agrostis scabra Willd.","Plantae","Agrostis","Agrostis scabra",-78.460516,45.718305,NA,2017,9,7,"2017-09-07T10:23:00","2017/09/07 10:23 AM EDT"
"50c9509d-22c7-4a22-a47d-8c48425ef4a7","Agrostis scabra Willd.","Agrostis scabra Willd.","Plantae","Agrostis","Agrostis scabra",-84.487367,45.27557,NA,2017,9,24,"2017-09-24T16:37:49","Sun Sep 24 2017 16:37:49 GMT-0400 (EDT)"
"f3f03cbf-1a01-4739-ae15-c1355b8c2dbf","Agrostis scabra Willd.","Agrostis scabra Willd.","Plantae","Agrostis","Agrostis scabra",-80.1785,40.9365,50,2017,9,9,"2017-09-09T00:00:00","2017-9-9"
"f3f03cbf-1a01-4739-ae15-c1355b8c2dbf","Agrostis scabra Willd.","Agrostis scabra Willd.","Plantae","Agrostis","Agrostis scabra",-80.0008,41.0075,50,2017,9,16,"2017-09-16T00:00:00","2017-9-16"
"0348540a-e644-4496-89d3-c257da9ad776","Agrostis scabra Willd.","Agrostis scabra Willd.","Plantae","Agrostis","Agrostis scabra",-75.8945345969511,45.551593362306,NA,2016,6,21,"2016-06-21T00:00:00","21 juin 2016"
"07fd0d79-4883-435f-bba1-58fef110cd13","Agrostis scabra Willd.","Agrostis scabra Willd.","Plantae","Agrostis","Agrostis scabra",-74.7936,45.03281,8,2016,6,29,"2016-06-29T00:00:00","2016 Jun 29"
"963f12d0-f762-11e1-a439-00145eb45e9a","Agrostis scabra Willd.","Agrostis scabra Willd.","Plantae","Agrostis","Agrostis scabra",-72.757495,41.244727,198,2016,7,8,"2016-07-08T00:00:00",NA
"c8d12f8a-7e39-4e2c-92d7-825d590ad15b","Agrostis scabra Willd.","Agrostis scabra Willd.","Plantae","Agrostis","Agrostis scabra",-85.455725,42.656411,NA,2016,7,27,"2016-07-27T00:00:00",NA
"c8d12f8a-7e39-4e2c-92d7-825d590ad15b","Agrostis scabra Willd.","Agrostis scabra Willd.","Plantae","Agrostis","Agrostis scabra",-86.01244,42.52336,NA,2015,6,19,"2015-06-19T00:00:00",NA
"c8d12f8a-7e39-4e2c-92d7-825d590ad15b","Agrostis scabra Willd.","Agrostis scabra Willd.","Plantae","Agrostis","Agrostis scabra",-86.00773,42.5345,NA,2015,7,1,"2015-07-01T00:00:00",NA
"50c9509d-22c7-4a22-a47d-8c48425ef4a7","Agrostis scabra Willd.","Agrostis scabra Willd.","Plantae","Agrostis","Agrostis scabra",-72.499827,45.852302,40,2015,7,31,"2015-07-31T00:00:00","2015/07/31"
"f3f03cbf-1a01-4739-ae15-c1355b8c2dbf","Agrostis scabra Willd.","Agrostis scabra Willd.","Plantae","Agrostis","Agrostis scabra",-75.824182,41.245498,1125,2015,8,31,"2015-08-31T00:00:00","2015-8-31"
"c8d12f8a-7e39-4e2c-92d7-825d590ad15b","Agrostis scabra Willd.","Agrostis scabra Willd.","Plantae","Agrostis","Agrostis scabra",-86.496783,44.071667,NA,2014,7,27,"2014-07-27T00:00:00",NA
"c8d12f8a-7e39-4e2c-92d7-825d590ad15b","Agrostis scabra Willd.","Agrostis scabra Willd.","Plantae","Agrostis","Agrostis scabra",-85.714732,44.984717,NA,2014,8,6,"2014-08-06T00:00:00",NA
"f3f03cbf-1a01-4739-ae15-c1355b8c2dbf","Agrostis scabra Willd.","Agrostis scabra Willd.","Plantae","Agrostis","Agrostis scabra",-75.918,41.4744,NA,2014,8,13,"2014-08-13T00:00:00","2014-8-13"
"2fd02649-fc08-4957-9ac5-2830e072c097","Agrostis scabra Willd.","Agrostis scabra Willd.","Plantae","Agrostis","Agrostis scabra",-70,47,NA,2014,9,5,"2014-09-05T00:00:00","05 septembre 2014"
"f3f03cbf-1a01-4739-ae15-c1355b8c2dbf","Agrostis scabra Willd.","Agrostis scabra Willd.","Plantae","Agrostis","Agrostis scabra",-79.3212,39.86367,50,2014,9,28,"2014-09-28T00:00:00","2014-9-28"
"f3f03cbf-1a01-4739-ae15-c1355b8c2dbf","Agrostis scabra Willd.","Agrostis scabra Willd.","Plantae","Agrostis","Agrostis scabra",-78.047835,41.452768,100,2013,5,20,"2013-05-20T00:00:00",NA
"c8d12f8a-7e39-4e2c-92d7-825d590ad15b","Agrostis scabra Willd.","Agrostis scabra Willd.","Plantae","Agrostis","Agrostis scabra",-84.06638,42.35775,NA,2013,6,27,"2013-06-27T00:00:00",NA
"0348540a-e644-4496-89d3-c257da9ad776","Agrostis scabra Willd.","Agrostis scabra Willd.","Plantae","Agrostis","Agrostis scabra",-73.623333,46.343889,NA,2013,7,12,"2013-07-12T00:00:00",NA
"d9522343-146c-4d6b-b312-543d4d8ca0e8","Agrostis scabra Willd.","Agrostis scabra Willd.","Plantae","Agrostis","Agrostis scabra",-78.58276,44.0279779990572,4,2013,8,21,"2013-08-21T00:00:00",NA
"0348540a-e644-4496-89d3-c257da9ad776","Agrostis scabra Willd.","Agrostis scabra Willd.","Plantae","Agrostis","Agrostis scabra",-73.657708,46.356067,NA,2013,9,13,"2013-09-13T00:00:00",NA
"c8d12f8a-7e39-4e2c-92d7-825d590ad15b","Agrostis scabra Willd.","Agrostis scabra Willd.","Plantae","Agrostis","Agrostis scabra",-85.746658,43.895916,NA,2013,9,17,"2013-09-17T00:00:00",NA
"2fd02649-fc08-4957-9ac5-2830e072c097","Agrostis scabra Willd.","Agrostis scabra Willd.","Plantae","Agrostis","Agrostis scabra",-78.74,48.473889,NA,2012,7,14,"2012-07-14T00:00:00","14 juillet 2012"
"c8d12f8a-7e39-4e2c-92d7-825d590ad15b","Agrostis scabra Willd.","Agrostis scabra Willd.","Plantae","Agrostis","Agrostis scabra",-85.023102,44.691469,NA,2012,7,11,"2012-07-11T00:00:00",NA
"ad43e954-dd79-4986-ae34-9ccdbd8bf568","Agrostis scabra Willd.","Agrostis scabra Willd.","Plantae","Agrostis","Agrostis scabra",-73.15,45.55,NA,2012,7,10,"2012-07-10T00:00:00",NA
"0348540a-e644-4496-89d3-c257da9ad776","Agrostis scabra Willd.","Agrostis scabra Willd.","Plantae","Agrostis","Agrostis scabra",-74.515556,46.369444,NA,2012,8,18,"2012-08-18T00:00:00",NA
"f3f03cbf-1a01-4739-ae15-c1355b8c2dbf","Agrostis scabra Willd.","Agrostis scabra Willd.","Plantae","Agrostis","Agrostis scabra",-77.468791,41.662863,5329,2012,8,16,"2012-08-16T00:00:00",NA
"f3f03cbf-1a01-4739-ae15-c1355b8c2dbf","Agrostis scabra Willd.","Agrostis scabra Willd.","Plantae","Agrostis","Agrostis scabra",-79.258647,40.382273,3000,2012,8,24,"2012-08-24T00:00:00",NA
"c01696db-a5fe-4d3a-8b26-90760604774b","Agrostis scabra Willd.","Agrostis scabra Willd.","Plantae","Agrostis","Agrostis scabra",-84.396306,42.766972,NA,2011,7,15,"2011-07-15T00:00:00",NA
"2fd02649-fc08-4957-9ac5-2830e072c097","Agrostis scabra Willd.","Agrostis scabra Willd.","Plantae","Agrostis","Agrostis scabra",-73.930036,45.075964,NA,2011,7,2,"2011-07-02T00:00:00","02 juillet 2011"
"d9522343-146c-4d6b-b312-543d4d8ca0e8","Agrostis scabra Willd.","Agrostis scabra Willd.","Plantae","Agrostis","Agrostis scabra",-78.81839,44.7223579990568,10,2011,7,11,"2011-07-11T00:00:00",NA
"a36438d0-bec7-4b7b-9bfa-2c31e7610c39","Agrostis scabra Willd.","Agrostis scabra Willd.","Plantae","Agrostis","Agrostis scabra",-91.371389,47.816667,NA,2011,7,26,"2011-07-26T00:00:00",NA
"d9522343-146c-4d6b-b312-543d4d8ca0e8","Agrostis scabra Willd.","Agrostis scabra Willd.","Plantae","Agrostis","Agrostis scabra",-78.794019,44.6160029990568,6,2011,8,9,"2011-08-09T00:00:00",NA
"c4a5efee-4c61-45d8-bd7a-6275b2388308","Agrostis scabra Willd.","Agrostis scabra Willd.","Plantae","Agrostis","Agrostis scabra",-73.355556,52.026389,NA,2011,8,23,"2011-08-23T00:00:00","23 août 2011"
"a36438d0-bec7-4b7b-9bfa-2c31e7610c39","Agrostis scabra Willd.","Agrostis scabra Willd.","Plantae","Agrostis","Agrostis scabra",-91.7125,47.793056,NA,2011,8,16,"2011-08-16T00:00:00",NA
"0df1ebee-0ce6-4fe1-9cd7-ee959670a880","Agrostis scabra Willd.","Agrostis scabra Willd.","Plantae","Agrostis","Agrostis scabra",-91.7125,47.793056,NA,2011,8,16,"2011-08-16T00:00:00","8/16/2011"
"f3f03cbf-1a01-4739-ae15-c1355b8c2dbf","Agrostis scabra Willd.","Agrostis scabra Willd.","Plantae","Agrostis","Agrostis scabra",-79.814806,42.112027,1000,2011,8,12,"2011-08-12T00:00:00","2011-8-12"
"c01696db-a5fe-4d3a-8b26-90760604774b","Agrostis scabra Willd.","Agrostis scabra Willd.","Plantae","Agrostis","Agrostis scabra",-84.372167,42.764167,NA,2010,7,5,"2010-07-05T00:00:00",NA
"f3f03cbf-1a01-4739-ae15-c1355b8c2dbf","Agrostis scabra Willd.","Agrostis scabra Willd.","Plantae","Agrostis","Agrostis scabra",-77.856812,41.430873,2879,2010,7,2,"2010-07-02T00:00:00",NA
"d9522343-146c-4d6b-b312-543d4d8ca0e8","Agrostis scabra Willd.","Agrostis scabra Willd.","Plantae","Agrostis","Agrostis scabra",-78.704722,44.7124719990568,7,2010,8,23,"2010-08-23T00:00:00",NA
"f3f03cbf-1a01-4739-ae15-c1355b8c2dbf","Agrostis scabra Willd.","Agrostis scabra Willd.","Plantae","Agrostis","Agrostis scabra",-79.204922,40.3714009990688,NA,2010,8,19,"2010-08-19T00:00:00",NA
"f3f03cbf-1a01-4739-ae15-c1355b8c2dbf","Agrostis scabra Willd.","Agrostis scabra Willd.","Plantae","Agrostis","Agrostis scabra",-79.2174,40.3790499990688,NA,2010,8,19,"2010-08-19T00:00:00",NA
"c4a5efee-4c61-45d8-bd7a-6275b2388308","Agrostis scabra Willd.","Agrostis scabra Willd.","Plantae","Agrostis","Agrostis scabra",-71.990833,46.195278,NA,2009,6,NA,"2009-06-01T00:00:00","juin 2009"
"c4a5efee-4c61-45d8-bd7a-6275b2388308","Agrostis scabra Willd.","Agrostis scabra Willd.","Plantae","Agrostis","Agrostis scabra",-69.310833,48.478056,NA,2009,7,10,"2009-07-10T00:00:00","10 juillet 2009"
"c8d12f8a-7e39-4e2c-92d7-825d590ad15b","Agrostis scabra Willd.","Agrostis scabra Willd.","Plantae","Agrostis","Agrostis scabra",-86.4854,44.010617,NA,2009,7,26,"2009-07-26T00:00:00",NA
"c8d12f8a-7e39-4e2c-92d7-825d590ad15b","Agrostis scabra Willd.","Agrostis scabra Willd.","Plantae","Agrostis","Agrostis scabra",-87.601917,46.6286,930,2009,7,14,"2009-07-14T00:00:00",NA
"f3f03cbf-1a01-4739-ae15-c1355b8c2dbf","Agrostis scabra Willd.","Agrostis scabra Willd.","Plantae","Agrostis","Agrostis scabra",-74.844369,41.3656329990642,NA,2009,7,29,"2009-07-29T00:00:00",NA
"c4a5efee-4c61-45d8-bd7a-6275b2388308","Agrostis scabra Willd.","Agrostis scabra Willd.","Plantae","Agrostis","Agrostis scabra",-71.894722,46.380556,NA,2009,8,NA,"2009-08-01T00:00:00","août 2009"
"d9522343-146c-4d6b-b312-543d4d8ca0e8","Agrostis scabra Willd.","Agrostis scabra Willd.","Plantae","Agrostis","Agrostis scabra",-84.583217,50.8667329990768,NA,2009,8,1,"2009-08-01T00:00:00",NA
"d9522343-146c-4d6b-b312-543d4d8ca0e8","Agrostis scabra Willd.","Agrostis scabra Willd.","Plantae","Agrostis","Agrostis scabra",-83.64345,50.4071169990738,NA,2009,8,4,"2009-08-04T00:00:00",NA
"d9522343-146c-4d6b-b312-543d4d8ca0e8","Agrostis scabra Willd.","Agrostis scabra Willd.","Plantae","Agrostis","Agrostis scabra",-84.503253,50.5075839990744,1000,2009,8,5,"2009-08-05T00:00:00",NA
"50c9509d-22c7-4a22-a47d-8c48425ef4a7","Agrostis scabra Willd.","Agrostis scabra Willd.","Plantae","Agrostis","Agrostis scabra",-82.729637,46.590017,10,2009,8,25,"2009-08-25T00:00:00","2009-08-25"
"c8d12f8a-7e39-4e2c-92d7-825d590ad15b","Agrostis scabra Willd.","Agrostis scabra Willd.","Plantae","Agrostis","Agrostis scabra",-89.076689,46.2168,NA,2009,8,13,"2009-08-13T00:00:00",NA
"f3f03cbf-1a01-4739-ae15-c1355b8c2dbf","Agrostis scabra Willd.","Agrostis scabra Willd.","Plantae","Agrostis","Agrostis scabra",-79.048582,40.3962279990687,NA,2009,8,14,"2009-08-14T00:00:00",NA
"f3f03cbf-1a01-4739-ae15-c1355b8c2dbf","Agrostis scabra Willd.","Agrostis scabra Willd.","Plantae","Agrostis","Agrostis scabra",-77.13142,40.32101,NA,2009,8,10,"2009-08-10T00:00:00",NA
"f3f03cbf-1a01-4739-ae15-c1355b8c2dbf","Agrostis scabra Willd.","Agrostis scabra Willd.","Plantae","Agrostis","Agrostis scabra",-78.854923,40.6256919990675,NA,2009,8,27,"2009-08-27T00:00:00",NA
"f3f03cbf-1a01-4739-ae15-c1355b8c2dbf","Agrostis scabra Willd.","Agrostis scabra Willd.","Plantae","Agrostis","Agrostis scabra",-79.008843,40.3615319990689,NA,2009,8,21,"2009-08-21T00:00:00",NA
"2fd02649-fc08-4957-9ac5-2830e072c097","Agrostis hyemalis var. tenuis (Tuck.) Gleason","Agrostis scabra Willd.","Plantae","Agrostis","Agrostis scabra",-70.714167,47.114444,NA,2009,9,1,"2009-09-01T00:00:00","01 septembre 2009"
"f3f03cbf-1a01-4739-ae15-c1355b8c2dbf","Agrostis scabra Willd.","Agrostis scabra Willd.","Plantae","Agrostis","Agrostis scabra",-79.6863,40.4222999990685,NA,2009,9,1,"2009-09-01T00:00:00",NA
"50c9509d-22c7-4a22-a47d-8c48425ef4a7","Agrostis scabra Willd.","Agrostis scabra Willd.","Plantae","Agrostis","Agrostis scabra",-80.886375,46.460464,194,2008,6,27,"2008-06-27T10:58:00","2008/06/27 10:58 AM EDT"
"2fd02649-fc08-4957-9ac5-2830e072c097","Agrostis scabra Willd.","Agrostis scabra Willd.","Plantae","Agrostis","Agrostis scabra",-75.021667,50.151111,NA,2008,7,16,"2008-07-16T00:00:00","16 juillet 2008"
"821cc27a-e3bb-4bc5-ac34-89ada245069d","Agrostis scabra Willd.","Agrostis scabra Willd.","Plantae","Agrostis","Agrostis scabra",-82.3776,35.7032,NA,2008,7,30,"2008-07-30T00:00:00","30 Jul 2008"
"821cc27a-e3bb-4bc5-ac34-89ada245069d","Agrostis scabra Willd.","Agrostis scabra Willd.","Plantae","Agrostis","Agrostis scabra",-82.2621,35.7775,NA,2008,7,29,"2008-07-29T00:00:00","29 Jul 2008"
"50c9509d-22c7-4a22-a47d-8c48425ef4a7","Agrostis scabra Willd.","Agrostis scabra Willd.","Plantae","Agrostis","Agrostis scabra",-82.7267,46.5892,30,2008,7,17,"2008-07-17T00:00:00","2008/07/17"
"0df1ebee-0ce6-4fe1-9cd7-ee959670a880","Agrostis scabra Willd.","Agrostis scabra Willd.","Plantae","Agrostis","Agrostis scabra",-91.901111,47.991111,NA,2008,8,15,"2008-08-15T00:00:00","8/15/2008"
"f3f03cbf-1a01-4739-ae15-c1355b8c2dbf","Agrostis scabra Willd.","Agrostis scabra Willd.","Plantae","Agrostis","Agrostis scabra",-79.758593,41.95186,300,2008,8,30,"2008-08-30T00:00:00",NA
"f3f03cbf-1a01-4739-ae15-c1355b8c2dbf","Agrostis scabra Willd.","Agrostis scabra Willd.","Plantae","Agrostis","Agrostis scabra",-79.197497,40.4215209990685,NA,2008,8,21,"2008-08-21T00:00:00",NA
"f3f03cbf-1a01-4739-ae15-c1355b8c2dbf","Agrostis scabra Willd.","Agrostis scabra Willd.","Plantae","Agrostis","Agrostis scabra",-79.197106,40.4151189990686,NA,2008,8,21,"2008-08-21T00:00:00",NA
"f3f03cbf-1a01-4739-ae15-c1355b8c2dbf","Agrostis scabra Willd.","Agrostis scabra Willd.","Plantae","Agrostis","Agrostis scabra",-79.758593,41.95186,300,2008,8,30,"2008-08-30T00:00:00",NA
"f3f03cbf-1a01-4739-ae15-c1355b8c2dbf","Agrostis scabra Willd.","Agrostis scabra Willd.","Plantae","Agrostis","Agrostis scabra",-78.917504,40.7123539990671,NA,2008,9,1,"2008-09-01T00:00:00",NA
"f3f03cbf-1a01-4739-ae15-c1355b8c2dbf","Agrostis scabra Willd.","Agrostis scabra Willd.","Plantae","Agrostis","Agrostis scabra",-78.927005,40.8242809990665,NA,2008,9,5,"2008-09-05T00:00:00",NA
"f3f03cbf-1a01-4739-ae15-c1355b8c2dbf","Agrostis scabra Willd.","Agrostis scabra Willd.","Plantae","Agrostis","Agrostis scabra",-78.974492,40.8255329990665,NA,2008,9,5,"2008-09-05T00:00:00",NA
"f3f03cbf-1a01-4739-ae15-c1355b8c2dbf","Agrostis scabra Willd.","Agrostis scabra Willd.","Plantae","Agrostis","Agrostis scabra",-79.115874,40.3875879990687,NA,2008,9,11,"2008-09-11T00:00:00",NA
"f3f03cbf-1a01-4739-ae15-c1355b8c2dbf","Agrostis scabra Willd.","Agrostis scabra Willd.","Plantae","Agrostis","Agrostis scabra",-79.168773,40.4806169990682,NA,2008,9,29,"2008-09-29T00:00:00",NA
"821cc27a-e3bb-4bc5-ac34-89ada245069d","Agrostis scabra Willd.","Agrostis scabra Willd.","Plantae","Agrostis","Agrostis scabra",-71.4552,44.2975,NA,2007,8,12,"2007-08-12T00:00:00","12 Aug 2007"
"1e61b812-b2ec-43d0-bdbb-8534a761f74c","Agrostis scabra Willd.","Agrostis scabra Willd.","Plantae","Agrostis","Agrostis scabra",-73.433,44.723,NA,2007,8,11,"2007-08-11T00:00:00","2007-08-11"
"1e61b812-b2ec-43d0-bdbb-8534a761f74c","Agrostis scabra Willd.","Agrostis scabra Willd.","Plantae","Agrostis","Agrostis scabra",-83.439,35.653,NA,2007,8,6,"2007-08-06T00:00:00","2007-08-06"
"1e61b812-b2ec-43d0-bdbb-8534a761f74c","Agrostis scabra Willd.","Agrostis scabra Willd.","Plantae","Agrostis","Agrostis scabra",-71.261,44.283,NA,2007,8,12,"2007-08-12T00:00:00","2007-08-12"
"d415c253-4d61-4459-9d25-4015b9084fb0","Agrostis scabra Willd.","Agrostis scabra Willd.","Plantae","Agrostis","Agrostis scabra",-71.455222,44.2975,NA,2007,8,12,"2007-08-12T00:00:00","12 Aug 2007"
"040c5662-da76-4782-a48e-cdea1892d14c","Agrostis scabra Willd.","Agrostis scabra Willd.","Plantae","Agrostis","Agrostis scabra",-81.7,45.266,NA,2007,8,10,"2007-08-10T00:00:00",NA
"ad43e954-dd79-4986-ae34-9ccdbd8bf568","Agrostis scabra Willd.","Agrostis scabra Willd.","Plantae","Agrostis","Agrostis scabra",-81.7,45.27,NA,2007,8,10,"2007-08-10T00:00:00",NA
"f3f03cbf-1a01-4739-ae15-c1355b8c2dbf","Agrostis scabra Willd.","Agrostis scabra Willd.","Plantae","Agrostis","Agrostis scabra",-79.46568,39.9784999990709,14,2007,8,7,"2007-08-07T00:00:00",NA
"f3f03cbf-1a01-4739-ae15-c1355b8c2dbf","Agrostis scabra Willd.","Agrostis scabra Willd.","Plantae","Agrostis","Agrostis scabra",-79.527174,39.7269329990724,NA,2007,8,31,"2007-08-31T00:00:00",NA
"f3f03cbf-1a01-4739-ae15-c1355b8c2dbf","Agrostis scabra Willd.","Agrostis scabra Willd.","Plantae","Agrostis","Agrostis scabra",-76.455939,39.962661,NA,2006,8,16,"2006-08-16T00:00:00","2006-8-16"
"f3f03cbf-1a01-4739-ae15-c1355b8c2dbf","Agrostis scabra Willd.","Agrostis scabra Willd.","Plantae","Agrostis","Agrostis scabra",-80.478377,39.920416,NA,2006,9,6,"2006-09-06T00:00:00",NA
"f3f03cbf-1a01-4739-ae15-c1355b8c2dbf","Agrostis scabra Willd.","Agrostis scabra Willd.","Plantae","Agrostis","Agrostis scabra",-79.717222,40.1069439990702,NA,2006,9,29,"2006-09-29T00:00:00",NA
"f3f03cbf-1a01-4739-ae15-c1355b8c2dbf","Agrostis scabra Willd.","Agrostis scabra Willd.","Plantae","Agrostis","Agrostis scabra",-80.4775,39.919722,NA,2006,9,6,"2006-09-06T00:00:00",NA
"f3f03cbf-1a01-4739-ae15-c1355b8c2dbf","Agrostis scabra Willd.","Agrostis scabra Willd.","Plantae","Agrostis","Agrostis scabra",-79.468611,39.7630559990722,NA,2006,10,14,"2006-10-14T00:00:00",NA
"2fd02649-fc08-4957-9ac5-2830e072c097","Agrostis scabra Willd.","Agrostis scabra Willd.","Plantae","Agrostis","Agrostis scabra",-69.5,47.783333,NA,2005,7,13,"2005-07-13T00:00:00","13 juillet 2005"
"2fd02649-fc08-4957-9ac5-2830e072c097","Agrostis scabra Willd.","Agrostis scabra Willd.","Plantae","Agrostis","Agrostis scabra",-69.45,47.85,NA,2005,7,12,"2005-07-12T00:00:00","12 juillet 2005"
"2fd02649-fc08-4957-9ac5-2830e072c097","Agrostis scabra Willd.","Agrostis scabra Willd.","Plantae","Agrostis","Agrostis scabra",-69.5,47.783333,NA,2005,7,13,"2005-07-13T00:00:00","13 juillet 2005"
"f3f03cbf-1a01-4739-ae15-c1355b8c2dbf","Agrostis scabra Willd.","Agrostis scabra Willd.","Plantae","Agrostis","Agrostis scabra",-80.423956,41.675002,2542,2005,7,18,"2005-07-18T00:00:00",NA
"2fd02649-fc08-4957-9ac5-2830e072c097","Agrostis scabra Willd.","Agrostis scabra Willd.","Plantae","Agrostis","Agrostis scabra",-68.866667,48.3,NA,2005,8,17,"2005-08-17T00:00:00","17 août 2005"
"2fd02649-fc08-4957-9ac5-2830e072c097","Agrostis scabra Willd.","Agrostis scabra Willd.","Plantae","Agrostis","Agrostis scabra",-68.85,48.311111,NA,2005,8,18,"2005-08-18T00:00:00","18 août 2005"
"5288946d-5fcf-4b53-8fd3-74f4cc6b53fc","Agrostis scabra Willd.","Agrostis scabra Willd.","Plantae","Agrostis","Agrostis scabra",-72.14805,42.34305,5000,2005,8,16,"2005-08-16T00:00:00","16-Aug-05"
"2fd02649-fc08-4957-9ac5-2830e072c097","Agrostis scabra Willd.","Agrostis scabra Willd.","Plantae","Agrostis","Agrostis scabra",-75.314167,50.507778,NA,2004,7,22,"2004-07-22T00:00:00","22 juillet 2004"
"2fd02649-fc08-4957-9ac5-2830e072c097","Agrostis scabra Willd.","Agrostis scabra Willd.","Plantae","Agrostis","Agrostis scabra",-75.666667,50.65,NA,2004,7,21,"2004-07-21T00:00:00","21 juillet 2004"
"a36438d0-bec7-4b7b-9bfa-2c31e7610c39","Agrostis scabra Willd.","Agrostis scabra Willd.","Plantae","Agrostis","Agrostis scabra",-91.167778,47.768865,8712,2004,8,11,"2004-08-11T00:00:00",NA
"2fd02649-fc08-4957-9ac5-2830e072c097","Agrostis scabra Willd.","Agrostis scabra Willd.","Plantae","Agrostis","Agrostis scabra",-68.059278,51.830139,NA,2003,7,31,"2003-07-31T00:00:00","31 juillet 2003"
"5288946d-5fcf-4b53-8fd3-74f4cc6b53fc","Agrostis scabra Willd.","Agrostis scabra Willd.","Plantae","Agrostis","Agrostis scabra",-69.97722,43.89611,20000,2003,7,14,"2003-07-14T00:00:00","14-Jul-03"
"2fd02649-fc08-4957-9ac5-2830e072c097","Agrostis scabra Willd.","Agrostis scabra Willd.","Plantae","Agrostis","Agrostis scabra",-73.617778,50.9275,NA,2003,7,17,"2003-07-17T00:00:00","17 juillet 2003"
"2fd02649-fc08-4957-9ac5-2830e072c097","Agrostis scabra Willd.","Agrostis scabra Willd.","Plantae","Agrostis","Agrostis scabra",-73.629444,50.762222,NA,2003,7,16,"2003-07-16T00:00:00","16 juillet 2003"
"f3f03cbf-1a01-4739-ae15-c1355b8c2dbf","Agrostis scabra Willd.","Agrostis scabra Willd.","Plantae","Agrostis","Agrostis scabra",-78.924167,41.49,NA,2003,7,12,"2003-07-12T00:00:00",NA
"2fd02649-fc08-4957-9ac5-2830e072c097","Agrostis scabra Willd.","Agrostis scabra Willd.","Plantae","Agrostis","Agrostis scabra",-68.06,51.83,NA,2003,8,1,"2003-08-01T00:00:00","01 août 2003"
"5288946d-5fcf-4b53-8fd3-74f4cc6b53fc","Agrostis scabra Willd.","Agrostis scabra Willd.","Plantae","Agrostis","Agrostis scabra",-69.91611,45.25055,20000,2003,8,29,"2003-08-29T00:00:00","29-Aug-03"
"95c938a8-f762-11e1-a439-00145eb45e9a","Agrostis scabra Willd.","Agrostis scabra Willd.","Plantae","Agrostis","Agrostis scabra",-81.4729,41.5446,NA,2002,6,10,"2002-06-10T00:00:00",NA
"2fd02649-fc08-4957-9ac5-2830e072c097","Agrostis scabra Willd.","Agrostis scabra Willd.","Plantae","Agrostis","Agrostis scabra",-75.9375,46.281944,NA,2002,7,7,"2002-07-07T00:00:00","07 juillet 2002"
"f3f03cbf-1a01-4739-ae15-c1355b8c2dbf","Agrostis scabra Willd.","Agrostis scabra Willd.","Plantae","Agrostis","Agrostis scabra",-77.416389,40.835556,NA,2002,7,24,"2002-07-24T00:00:00",NA
"2429287b-ef65-4cfd-afcc-11cc3ba95cca","Agrostis scabra Willd.","Agrostis scabra Willd.","Plantae","Agrostis","Agrostis scabra",-77.2588,44.977317,180,2002,8,28,"2002-08-28T00:00:00","2002-08-28"
"2429287b-ef65-4cfd-afcc-11cc3ba95cca","Agrostis scabra Willd.","Agrostis scabra Willd.","Plantae","Agrostis","Agrostis scabra",-81.193367,46.4175,180,2002,8,30,"2002-08-30T00:00:00","2002-08-30"
"1e61b812-b2ec-43d0-bdbb-8534a761f74c","Agrostis scabra Willd.","Agrostis scabra Willd.","Plantae","Agrostis","Agrostis scabra",-81.193,46.418,NA,2002,8,30,"2002-08-30T00:00:00","2002-08-30"
"07fd0d79-4883-435f-bba1-58fef110cd13","Agrostis scabra Willd.","Agrostis scabra Willd.","Plantae","Agrostis","Agrostis scabra",-81.1934,46.42,773,2002,8,30,"2002-08-30T00:00:00","2002 Aug 30"
"040c5662-da76-4782-a48e-cdea1892d14c","Agrostis scabra Willd.","Agrostis scabra Willd.","Plantae","Agrostis","Agrostis scabra",-81.193,46.418,NA,2002,8,30,"2002-08-30T00:00:00",NA
"a36438d0-bec7-4b7b-9bfa-2c31e7610c39","Agrostis scabra Willd.","Agrostis scabra Willd.","Plantae","Agrostis","Agrostis scabra",-91.300444,47.2577,14875,2002,8,14,"2002-08-14T00:00:00","14/ Aug/2002"
"f3f03cbf-1a01-4739-ae15-c1355b8c2dbf","Agrostis scabra Willd.","Agrostis scabra Willd.","Plantae","Agrostis","Agrostis scabra",-78.52737,41.187254,NA,2002,8,13,"2002-08-13T00:00:00",NA
"f3f03cbf-1a01-4739-ae15-c1355b8c2dbf","Agrostis scabra Willd.","Agrostis scabra Willd.","Plantae","Agrostis","Agrostis scabra",-78.259043,41.191819,75,2002,8,15,"2002-08-15T00:00:00",NA
"2fd02649-fc08-4957-9ac5-2830e072c097","Agrostis scabra Willd.","Agrostis scabra Willd.","Plantae","Agrostis","Agrostis scabra",-69.25,47.7,NA,2001,1,1,"2001-01-01T00:00:00","01 janvier 2001"
"50c9509d-22c7-4a22-a47d-8c48425ef4a7","Agrostis scabra Willd.","Agrostis scabra Willd.","Plantae","Agrostis","Agrostis scabra",-78.016643,46.131373,367,2001,6,21,"2001-06-21T00:00:00","2001/06/21"
"2fd02649-fc08-4957-9ac5-2830e072c097","Agrostis scabra Willd.","Agrostis scabra Willd.","Plantae","Agrostis","Agrostis scabra",-69.516667,47.6,NA,2001,7,27,"2001-07-27T00:00:00","27 juillet 2001"
"2fd02649-fc08-4957-9ac5-2830e072c097","Agrostis scabra Willd.","Agrostis scabra Willd.","Plantae","Agrostis","Agrostis scabra",-69.416667,47.55,NA,2001,7,25,"2001-07-25T00:00:00","25 juillet 2001"
"2fd02649-fc08-4957-9ac5-2830e072c097","Agrostis scabra Willd.","Agrostis scabra Willd.","Plantae","Agrostis","Agrostis scabra",-69.416667,47.55,NA,2001,7,25,"2001-07-25T00:00:00","25 juillet 2001"
"2fd02649-fc08-4957-9ac5-2830e072c097","Agrostis scabra Willd.","Agrostis scabra Willd.","Plantae","Agrostis","Agrostis scabra",-69.25,47.683333,NA,2001,7,11,"2001-07-11T00:00:00","11 juillet 2001"
"2fd02649-fc08-4957-9ac5-2830e072c097","Agrostis scabra Willd.","Agrostis scabra Willd.","Plantae","Agrostis","Agrostis scabra",-70.781944,48.571667,NA,2001,7,9,"2001-07-09T00:00:00","09 juillet 2001"
"af1b4db0-c8ce-4a95-b700-8a6a02bed9d6","Agrostis scabra Willd.","Agrostis scabra Willd.","Plantae","Agrostis","Agrostis scabra",-67.9167,44.45,NA,2001,7,14,"2001-07-14T00:00:00",NA
"af1b4db0-c8ce-4a95-b700-8a6a02bed9d6","Agrostis scabra Willd.","Agrostis scabra Willd.","Plantae","Agrostis","Agrostis scabra",-77.15,41.05,NA,2001,7,5,"2001-07-05T00:00:00",NA
"d415c253-4d61-4459-9d25-4015b9084fb0","Agrostis scabra Willd.","Agrostis scabra Willd.","Plantae","Agrostis","Agrostis scabra",-67.925117,44.458967,NA,2001,7,14,"2001-07-14T00:00:00","14 Jul 2001"
"a36438d0-bec7-4b7b-9bfa-2c31e7610c39","Agrostis scabra Willd.","Agrostis scabra Willd.","Plantae","Agrostis","Agrostis scabra",-91.198054,47.33958,2289,2001,7,13,"2001-07-13T00:00:00",NA
"0df1ebee-0ce6-4fe1-9cd7-ee959670a880","Agrostis scabra Willd.","Agrostis scabra Willd.","Plantae","Agrostis","Agrostis scabra",-91.371389,47.816667,NA,2001,7,25,"2001-07-25T00:00:00","7/25/2001"
"e42c4be9-dc6d-466b-8df2-60ac8c47fadd","Agrostis scabra Willd.","Agrostis scabra Willd.","Plantae","Agrostis","Agrostis scabra",-68.66519,44.75705,7770,2001,7,15,"2001-07-15T00:00:00","2001-7-15"
"e42c4be9-dc6d-466b-8df2-60ac8c47fadd","Agrostis scabra Willd.","Agrostis scabra Willd.","Plantae","Agrostis","Agrostis scabra",-67.93997,44.49866,12828,2001,7,14,"2001-07-14T00:00:00","2001-7-14"
"e42c4be9-dc6d-466b-8df2-60ac8c47fadd","Agrostis scabra Willd.","Agrostis scabra Willd.","Plantae","Agrostis","Agrostis scabra",-77.15186,41.05028,NA,2001,7,5,"2001-07-05T00:00:00","5 July 2001"
"50c9509d-22c7-4a22-a47d-8c48425ef4a7","Agrostis scabra Willd.","Agrostis scabra Willd.","Plantae","Agrostis","Agrostis scabra",-78.014878,46.089436,1278,2001,7,18,"2001-07-18T00:00:00","2001/07/18"
"2fd02649-fc08-4957-9ac5-2830e072c097","Agrostis scabra Willd.","Agrostis scabra Willd.","Plantae","Agrostis","Agrostis scabra",-69.25,47.683333,NA,2001,8,20,"2001-08-20T00:00:00","20 août 2001"
"2fd02649-fc08-4957-9ac5-2830e072c097","Agrostis scabra Willd.","Agrostis scabra Willd.","Plantae","Agrostis","Agrostis scabra",-69.25,47.7,NA,2001,8,19,"2001-08-19T00:00:00","19 août 2001"
"2fd02649-fc08-4957-9ac5-2830e072c097","Agrostis scabra Willd.","Agrostis scabra Willd.","Plantae","Agrostis","Agrostis scabra",-69.25,47.7,NA,2001,8,19,"2001-08-19T00:00:00","19 août 2001"
"2fd02649-fc08-4957-9ac5-2830e072c097","Agrostis scabra Willd.","Agrostis scabra Willd.","Plantae","Agrostis","Agrostis scabra",-69.25,47.7,NA,2001,8,19,"2001-08-19T00:00:00","19 août 2001"
"a36438d0-bec7-4b7b-9bfa-2c31e7610c39","Agrostis scabra Willd.","Agrostis scabra Willd.","Plantae","Agrostis","Agrostis scabra",-91.198054,47.33958,2289,2001,8,2,"2001-08-02T00:00:00",NA
"f3f03cbf-1a01-4739-ae15-c1355b8c2dbf","Agrostis scabra Willd.","Agrostis scabra Willd.","Plantae","Agrostis","Agrostis scabra",-79.214046,41.341369,NA,2001,8,31,"2001-08-31T00:00:00",NA
"f3f03cbf-1a01-4739-ae15-c1355b8c2dbf","Agrostis scabra Willd.","Agrostis scabra Willd.","Plantae","Agrostis","Agrostis scabra",-80.488263,41.665198,750,2001,8,30,"2001-08-30T00:00:00",NA
"f3f03cbf-1a01-4739-ae15-c1355b8c2dbf","Agrostis scabra Willd.","Agrostis scabra Willd.","Plantae","Agrostis","Agrostis scabra",-80.107697,41.035094,50,2001,9,27,"2001-09-27T00:00:00","2001-9-27"
"d9522343-146c-4d6b-b312-543d4d8ca0e8","Agrostis scabra Willd.","Agrostis scabra Willd.","Plantae","Agrostis","Agrostis scabra",-78.166667,44.616667,NA,2000,6,28,"2000-06-28T00:00:00",NA
"7827f68d-c981-4023-bace-288a03434044","Agrostis scabra Willd.","Agrostis scabra Willd.","Plantae","Agrostis","Agrostis scabra",-90.462778,44.037222,NA,2000,6,25,"2000-06-25T00:00:00",NA
"2429287b-ef65-4cfd-afcc-11cc3ba95cca","Agrostis hyemalis var. scabra (Willd.) Blomq.","Agrostis scabra Willd.","Plantae","Agrostis","Agrostis scabra",-67.9652,44.5106,3650,2000,7,3,"2000-07-03T00:00:00","2000-07-03"
"2fd02649-fc08-4957-9ac5-2830e072c097","Agrostis scabra Willd.","Agrostis scabra Willd.","Plantae","Agrostis","Agrostis scabra",-69.7975,47.615,NA,2000,7,26,"2000-07-26T00:00:00","26 juillet 2000"
"af1b4db0-c8ce-4a95-b700-8a6a02bed9d6","Agrostis hyemalis var. scabra (Willd.) Blomq.","Agrostis scabra Willd.","Plantae","Agrostis","Agrostis scabra",-77.0667,41.0667,NA,2000,7,6,"2000-07-06T00:00:00",NA
"a36438d0-bec7-4b7b-9bfa-2c31e7610c39","Agrostis scabra Willd.","Agrostis scabra Willd.","Plantae","Agrostis","Agrostis scabra",-91.198054,47.33958,2289,2000,7,19,"2000-07-19T00:00:00",NA
"a36438d0-bec7-4b7b-9bfa-2c31e7610c39","Agrostis scabra Willd.","Agrostis scabra Willd.","Plantae","Agrostis","Agrostis scabra",-91.279172,47.269217,969,2000,7,25,"2000-07-25T00:00:00",NA
"a36438d0-bec7-4b7b-9bfa-2c31e7610c39","Agrostis scabra Willd.","Agrostis scabra Willd.","Plantae","Agrostis","Agrostis scabra",-91.253875,47.293714,969,2000,7,27,"2000-07-27T00:00:00",NA
"a36438d0-bec7-4b7b-9bfa-2c31e7610c39","Agrostis scabra Willd.","Agrostis scabra Willd.","Plantae","Agrostis","Agrostis scabra",-91.161398,47.422385,969,2000,7,31,"2000-07-31T00:00:00",NA
"a36438d0-bec7-4b7b-9bfa-2c31e7610c39","Agrostis scabra Willd.","Agrostis scabra Willd.","Plantae","Agrostis","Agrostis scabra",-91.300444,47.2577,14875,2000,7,18,"2000-07-18T00:00:00",NA
"a36438d0-bec7-4b7b-9bfa-2c31e7610c39","Agrostis scabra Willd.","Agrostis scabra Willd.","Plantae","Agrostis","Agrostis scabra",-91.198054,47.33958,2289,2000,7,17,"2000-07-17T00:00:00",NA
"a36438d0-bec7-4b7b-9bfa-2c31e7610c39","Agrostis scabra Willd.","Agrostis scabra Willd.","Plantae","Agrostis","Agrostis scabra",-91.203696,47.378962,969,2000,7,25,"2000-07-25T00:00:00",NA
"e42c4be9-dc6d-466b-8df2-60ac8c47fadd","Agrostis hyemalis var. scabra (Willd.) Blomq.","Agrostis scabra Willd.","Plantae","Agrostis","Agrostis scabra",-77.07,41.0633,NA,2000,7,6,"2000-07-06T00:00:00","6 July 2000"
"f3f03cbf-1a01-4739-ae15-c1355b8c2dbf","Agrostis scabra Willd.","Agrostis scabra Willd.","Plantae","Agrostis","Agrostis scabra",-77.95,40.766667,50,2000,7,27,"2000-07-27T00:00:00",NA
"a36438d0-bec7-4b7b-9bfa-2c31e7610c39","Agrostis scabra Willd.","Agrostis scabra Willd.","Plantae","Agrostis","Agrostis scabra",-91.198054,47.33958,2289,2000,8,2,"2000-08-02T00:00:00",NA
"a36438d0-bec7-4b7b-9bfa-2c31e7610c39","Agrostis scabra Willd.","Agrostis scabra Willd.","Plantae","Agrostis","Agrostis scabra",-91.161365,47.393553,969,2000,8,22,"2000-08-22T00:00:00",NA
"f3f03cbf-1a01-4739-ae15-c1355b8c2dbf","Agrostis scabra Willd.","Agrostis scabra Willd.","Plantae","Agrostis","Agrostis scabra",-77.996317,40.790039,NA,2000,9,1,"2000-09-01T00:00:00",NA
